Area,Property Name,Rental (MYR),Size (Squared Feet)
 Desa ParkCity,Park Place ,18000,2390
 KL City,One KL,14000,3285
 KL City,One KL,14000,3285
 KL City,One KL,14000,3285
 KL City,One KL,14000,3285
 Mont Kiara,10 Mont Kiara,14000,3720
 Mont Kiara,Serene Mont Kiara,14000,2918
 Mont Kiara,Pavilion Hilltop ,13000,2767
 Bangsar,The Loft,12888,3800
 Ampang Hilir,Ampang Hilir Tara,11000,2600
 Ampang Hilir,Gallery U-Thant,10000,4400
 Kuala Lumpur,Mont Kiara,10000,3785
 Ampang Hilir,Cinta,10000,4000
 KL City,Harvard Residence,9500,3350
 KL City,TRX Residence ,9000,817
 KL City,Duta Park Residences,9000,1618
 Ampang Hilir,16 Taman U-Thant,9000,4500
 KL City,TRX Residence ,8800,850
 Cheras,Sunway Velocity TWO,8500,969
 Cheras,Sunway Velocity TWO,8500,969
 KLCC,Dua Residency,8000,2315
 Desa ParkCity,South Brooks,8000,1283
 KLCC,Idaman Residence KLCC,7999,1700
 KL City,Harvard Residence,7500,3300
 KL City,M City,7500,1800
 KLCC,ARIA Luxury Residence,7500,1000
 KL City,M City,7499,1804
 KLCC,Quadro Residences,7288,2002
 Cheras,V Residence 3 ,7200,1300
 KL City,Core Residence ,7000,624
 Bukit Bintang,Agile Bukit Bintang,7000,950
 Bangsar,Nusa Rhu,7000,3358
 KL City,Duta Park Residences,6500,1618
 Kuala Lumpur,The Veo,6500,2949
 KL City,Duta Park Residences,6500,1618
 Wangsa Maju,Wangsa 9 Residency,6500,2454
 KLCC,Banyan Tree ,6500,1076
 KLCC,ARIA Luxury Residence,6500,1000
 Desa ParkCity,Park Place ,6500,1170
 KL City,St Mary Residences,5800,1600
 Mont Kiara,i-Zen ,5500,1695
 Mont Kiara,i-Zen ,5500,1695
 KLCC,Kirana Residence,5500,2167
 Mont Kiara,i-Zen ,5500,1695
 Bangsar South,The Goodwood Residence,5500,1200
 KLCC,The Ruma Residences,5500,915
 Desa ParkCity,Park Place ,5000,1152
 Setapak,The Reach ,5000,1700
 KLCC,D'Mayang,5000,2111
 KL City,TRX Residence ,5000,474
 Sri Damansara,Damansara Foresta,4800,3150
 KL City,Sunway Belfield,4800,1130
 Ampang Hilir,The Atrium,4800,934
 Ampang Hilir,The Atrium,4800,934
 KLCC,Sky Suites ,4800,849
 KL City,Sunway Belfield,4800,1130
 Ampang Hilir,The Atrium,4780,850
 Keramat,Service Suites ,4700,1211
 KL Sentral,Sentral Suites ,4600,1025
 KL City,St Mary Residences,4500,1450
 Mont Kiara,Arte ,4500,900
 Cheras,One Cochrane Residence,4500,1098
 Mont Kiara,Arte ,4500,900
 Mont Kiara,i zen ,4500,1600
 Mont Kiara,Arcoris,4500,923
 KLCC,Stonor 3 ,4500,871
 KL Sentral,Sentral Suites ,4500,826
 KLCC,ViPod Residences ,4500,1299
 KLCC,Sky Suites ,4500,857
 Bangsar South,The Goodwood Residence,4400,969
 Mont Kiara,Arcoris,4400,923
 KL City,OPUS Kuala Lumpur,4299,1011
 KL City,OPUS Kuala Lumpur,4288,1055
 KL City,Pavilion Ceylon Hill,4250,834
 Ampang Hilir,Reizz Residence,4200,845
 Mont Kiara,Ceriaan Kiara,4200,1830
 Bukit Jalil,The Tropika Bukit Jalil,4200,1318
 Cheras,One Cochrane Residence,4100,1055
 Cheras,One Cochrane Residence,4100,1055
 Cheras,One Cochrane Residence,4100,1055
 Cheras,One Cochrane Residence,4100,1055
 Cheras,One Cochrane Residence,4100,1055
 Cheras,One Cochrane Residence,4100,1055
 Desa ParkCity,South Brooks,4100,1001
 Cheras,One Cochrane Residence,4100,1055
 Cheras,One Cochrane Residence,4100,1055
 Solaris Dutamas,Icon Residence,4000,1755
 KL Sentral,Suasana Sentral Condominium,4000,1452
 Mont Kiara,Inspirasi Mont Kiara Condominium Kuala Lumpur,4000,940
 Ampang Hilir,M Suites,4000,1630
 Solaris Dutamas,Icon Residence,4000,1755
 Mont Kiara,Inspirasi Mont Kiara Condominium Kuala Lumpur,4000,940
 City Centre,6 CapSquare,4000,1411
 Bukit Jalil,The Tropika Bukit Jalil,4000,1318
 KL City,Duta Park Residences,4000,1100
 Solaris Dutamas,Icon Residence,4000,1755
 KL City,Legasi Kampong Bharu,4000,950
 Mont Kiara,Inspirasi Mont Kiara Condominium Kuala Lumpur,4000,940
 Bangsar South,Novum Bangsar South,3900,823
 Taman Desa,The Address ,3900,1100
 Mont Kiara,La Grande Kiara,3900,2036
 Mont Kiara,Inspirasi Mont Kiara Condominium Kuala Lumpur,3900,940
 Pantai,Secoya Residences,3850,1450
 KL Sentral,Sentral Suites ,3800,650
 Bukit Jalil,The Treez,3800,1700
 Mont Kiara,Arcoris,3800,900
 Cheras,Sunway Velocity TWO,3800,667
 KLCC,Corinthian Condominium,3800,1500
 Mont Kiara,i-Zen ,3800,1561
 KLCC,Sky Suites ,3800,796
 Mont Kiara,Arcoris,3800,900
 KLCC,Sky Suites ,3800,900
 Solaris Dutamas,Icon Residence,3800,1755
 Jalan Sultan Ismail,Regalia Residence,3800,1324
 Cheras,One Cochrane Residence,3800,1098
 Mont Kiara,Inspirasi Mont Kiara Condominium Kuala Lumpur,3800,1030
 Bukit Bintang,The Manhattan,3800,588
 KL Sentral,Sentral Suites ,3800,650
 Cheras,Sunway Velocity TWO,3800,690
 Ampang Hilir,The Atrium,3800,849
 KL Eco City,Vogue Suites One,3800,798
 Bukit Jalil,The Treez,3799,1700
 Mont Kiara,Inspirasi Mont Kiara Condominium Kuala Lumpur,3799,940
 Mont Kiara,Solaris Dutamas,3700,1249
 Setapak,The Reach ,3700,1524
 KLCC,Sky Suites ,3700,920
 KL City,Pavilion Ceylon Hill,3700,662
 Cheras,Sunway Velocity TWO,3700,678
 KLCC,Sky Suites ,3600,800
 Cheras,Lavile,3600,850
 City Centre,6 CapSquare,3600,1435
 Cheras,M Vertica,3500,1000
 Mont Kiara,Inspirasi Mont Kiara Condominium Kuala Lumpur,3500,940
 Cheras,M Vertica,3500,1000
 Ampang,Earls Court,3500,2080
 Cheras,M Vertica,3500,1000
 Ampang,Damai 88,3500,850
 KL City,Pavilion Ceylon Hill,3500,671
 Sungai Besi,UNO Promenade,3500,1044
 Cheras,Sunway Velocity TWO,3500,678
 Cheras,M Vertica,3500,1000
 Kuchai Lama,M Oscar,3500,700
 Sungai Besi,UNO Promenade,3500,1044
 Cheras,Vila Vista,3500,1600
 Titiwangsa,Expressionz Professional Suites,3500,861
 KL Sentral,Sentral Suites ,3500,858
 Cheras,Sunway Velocity TWO,3500,581
 Setapak,Altris ,3500,1238
 Sungai Besi,UNO Promenade,3500,1044
 Sungai Besi,UNO Promenade,3500,1044
 KL City,Duta Park Residences,3500,957
 KLCC,Corinthian Condominium,3500,1500
 Cheras,Vila Vista,3500,1600
 Cheras,One Cochrane Residence,3500,1000
 Bangsar South,Saville ,3500,1390
 Kuchai Lama,M Oscar,3500,1200
 KL City,Duta Park Residences,3500,957
 KLCC,Sky Suites ,3500,900
 KL Sentral,Sentral Suites ,3500,826
 Sri Petaling,8th & Stellar,3500,980
 KL Sentral,Sentral Suites ,3499,724
 KLCC,Sky Suites ,3450,700
 Wangsa Maju,Sunway Avila Residences,3400,1033
 Cheras,Parc 3,3400,977
 Cheras,Parc 3,3400,977
 Mont Kiara,Vista Kiara,3400,1235
 Cheras,M Vertica,3400,1000
 Mont Kiara,Solaris Dutamas,3400,1000
 KL City,Legasi Kampong Bharu,3300,1000
 Keramat,Chymes ,3300,1291
 Damansara Heights,Jamnah View,3300,1350
 Keramat,Chymes ,3300,1291
 Country Heights Damansara,Hampton Height Damansara,3300,924
 Chan Sow Lin,Trion 2 ,3300,922
 Ampang Hilir,The Atrium,3300,566
 Ampang,Impiana on The Waterfront,3300,2000
 Ampang Hilir,The Atrium,3300,566
 KL City,Duta Park Residences,3300,957
 Brickfields,Villa Scott,3300,1500
 Ampang Hilir,The Atrium,3300,566
 Cheras,M Vertica,3300,1000
 KL City,Legasi Kampong Bharu,3300,950
 Ampang Hilir,M Suites,3300,970
 Country Heights Damansara,Hampton Height Damansara,3300,924
 KL City,Duta Park Residences,3300,960
 Ampang,Villa U Thant,3300,2500
 Cheras,J.dupion,3200,1225
 Cheras,Sunway Velocity TWO,3200,1000
 Ampang Hilir,Catalina Villa,3200,1625
 Old Klang Road,Millerz Square ,3200,883
 Cheras,Sunway Velocity TWO,3200,678
 Sri Hartamas,Waldorf Tower,3200,1880
 Seputeh,Seputih Permai,3200,1300
 Cheras,Sunway Velocity TWO,3200,600
 Ampang Hilir,The Atrium,3200,624
 Mont Kiara,Verve Suites ,3200,926
 Bangsar South,Laurel Residence,3200,590
 Cheras,Sunway Velocity TWO,3200,678
 Cheras,Sunway Velocity TWO,3200,678
 Cheras,Riana South ,3200,947
 Bangsar South,South Link Lifestyle Apartments,3200,592
 Seputeh,Avara Seputeh,3200,829
 Bangsar South,KL Gateway Premium Residences,3200,1000
 Seputeh,Avara Seputeh,3200,829
 Cheras,V Residence 3 ,3200,1000
 Cheras,Sunway Velocity TWO,3200,678
 Cheras,Sunway Velocity TWO,3200,678
 Bangsar South,Laurel Residence,3200,590
 Cheras,V Residence 2 ,3199,850
 KLCC,Sky Suites ,3150,849
 Mont Kiara,The Ooak,3100,646
 Ampang,The Elements,3100,1475
 Sentul,The Fennel Sentul East,3100,1300
 Bukit Jalil,Residensi Bintang Bukit Jalil,3100,1009
 Bangsar South,Southlink,3100,592
 Bukit Jalil,SkyLuxe On The Park,3100,1200
 Wangsa Maju,Sunway Avila Residences,3100,1227
 Cheras,UNA Serviced Apartment ,3000,807
 Bukit Bintang,The Robertson,3000,527
 Cheras,Sunway Velocity,3000,600
 Cheras,Sunway Velocity TWO,3000,800
 Ampang,The Ridge ,3000,865
 Old Klang Road,Waltz Residences,3000,1100
 Cheras,Sunway Velocity,3000,600
 KL City,Plaza Rah,3000,1200
 Ampang,The Ridge ,3000,865
 Cheras,Nikka Residence,3000,990
 Bangsar South,Southlink,3000,592
 Mont Kiara,Angkupuri,3000,1399
 Mont Kiara,Vista Kiara,3000,1248
 Old Klang Road,Millerz Square ,3000,900
 Sri Hartamas,The Societe,3000,648
 Cheras,Parc 3,3000,900
 KL City,Duta Park Residences,3000,957
 Cheras,Sunway Velocity,3000,600
 Chan Sow Lin,Trion 2 ,3000,800
 Bukit Jalil,Residensi Bintang Bukit Jalil,3000,1009
 Ampang Hilir,The Atrium,3000,624
 Bukit Bintang,Seri Raja Chulan,3000,1330
 Sentul,The Fennel Sentul East,3000,1200
 Cheras,Vila Vista,3000,1700
 Cheras,Parc 3,3000,865
 Mont Kiara,Arte ,3000,900
 KLCC,ViPod Residences ,3000,635
 Old Klang Road,BLOOMSVALE,3000,822
 KLCC,ViPod Residences ,3000,635
 Cheras,Sunway Velocity,3000,600
 Mont Kiara,Arte ,3000,900
 Mont Kiara,Arte ,3000,900
 Cheras,Sunway Velocity,3000,600
 Cheras,Sunway Velocity,3000,600
 KLCC,Cormar Suite,3000,800
 Wangsa Maju,M Adora,3000,850
 Ampang,The Elements,3000,1470
 Sri Hartamas,The Societe,3000,648
 Ampang,The Ridge ,3000,865
 Ampang,6 Ceylon,3000,700
 Cheras,Parc 3,3000,931
 Cheras,M Vertica,3000,860
 Setiawangsa,Seri Maya,3000,1823
 Cheras,Vila Vista,3000,1700
 Bangsar South,Cubic Botanical,2999,805
 Bukit Jalil,Parkhill Residence Bukit Jalil,2998,1100
 Mont Kiara,Arte ,2988,850
 Cheras,Parc 3,2950,865
 Desa Pandan,G Residence,2900,1076
 KLCC,Quill Residence,2900,732
 Bukit Jalil,The Tropika Bukit Jalil,2900,732
 Keramat,Platinum Splendor Residensi Semarak,2900,1184
 Kuchai Lama,Anyaman Residence,2900,1109
 Cheras,J.Dupion,2900,1225
 Kuala Lumpur,KL City,2900,697
 Keramat,LINQ SKY RESIDENCES,2900,760
 Wangsa Maju,Irama Wangsa,2900,1207
 Sentul,SkyMeridien Residences ,2900,1200
 Cheras,Sunway Velocity TWO,2900,600
 Bangsar,Sri Kasturina,2900,1300
 KLCC,Quill Residence,2900,736
 Kuala Lumpur,Kepong,2900,984
 Bangsar South,Southlink,2900,650
 Bangsar South,Laurel Residence,2800,590
 Old Klang Road,Tria Residences ,2800,797
 Keramat,Platinum Splendor Residensi Semarak,2800,926
 Jalan Ipoh,The Pano,2800,1000
 KLCC,Ceylonz Suites,2800,411
 Old Klang Road,Millerz Square ,2800,660
 Mont Kiara,Mont Kiara Bayu,2800,1068
 Setiawangsa,The Valley ,2800,1000
 Bangsar South,Saville ,2800,1253
 Bukit Jalil,Paraiso ,2800,1226
 Bangsar South,Laurel Residence,2800,590
 Sri Damansara,Damansara Foresta,2800,1425
 Setapak,PV9 Residences ,2800,1100
 KL City,Duta Park Residences,2800,957
 Cheras,J.dupion,2800,1125
 Sri Petaling,8th & Stellar,2800,818
 KL City,Plaza Rah,2800,1200
 Bangsar South,Laurel Residence,2800,590
 Sungai Besi,The Leafz,2800,1430
 KL City,Duta Park Residences,2800,850
 Bangsar South,Laurel Residence,2800,590
 KL City,MET 1 Residences ,2800,677
 Cheras,Lido Residency,2800,1153
 KL City,Duta Park Residences,2800,957
 Wangsa Maju,Seri Riana Residence,2800,1382
 Setiawangsa,The Valley ,2800,1018
 KL City,Duta Park Residences,2800,858
 Setiawangsa,The Valley ,2800,800
 Cheras,Parc 3,2800,850
 Setiawangsa,The Valley ,2800,800
 Keramat,LINQ SKY RESIDENCES,2800,760
 Cheras,EkoCheras Service Apartment,2799,1160
 Cheras,Sunway Velocity TWO,2799,700
 KL City,Mercu Summer Suites ,2700,800
 Cheras,M Vertica,2700,850
 Setapak,Bennington Residences ,2700,1150
 KL City,Plaza Rah,2700,1200
 Segambut,Savio ,2700,1144
 Cheras,M Vertica,2700,850
 Wangsa Maju,The Hamilton,2700,1400
 Sentul,Sky Meridien,2700,794
 Seputeh,Seputih Permai,2700,1300
 Sungai Besi,Razak City Residences,2700,1000
 City Centre,The Orion,2700,1400
 Brickfields,Residensi Brickfields,2700,923
 Kuchai Lama,M Oscar,2700,895
 Mont Kiara,Mont Kiara Pines,2700,1200
 Bukit Jalil,Aurora Suites,2700,804
 Wangsa Maju,The Hamilton,2700,1400
 Cheras,Lavile,2700,750
 Bangsar South,Laurel Residence,2700,590
 Jalan Kuching,Tuan 2egacy,2700,911
 Brickfields,Residensi Brickfields,2700,923
 Desa Pandan,G Residence,2700,1076
 Setiawangsa,Kaleidoscope Residensi Setiawangsa,2700,1196
 Sentul,Rica Residence Sentul,2700,983
 Jalan Ipoh,The Birch,2699,819
 Ampang,Impiana on The Waterfront,2650,1600
 Sri Petaling,Pinnacle,2650,914
 Cheras,Parc 3,2650,865
 Old Klang Road,Southbank Residence,2600,978
 Brickfields,Residensi Brickfields,2600,1003
 Wangsa Maju,Desa Putra,2600,1285
 Old Klang Road,D'Sands Residence,2600,1048
 Jalan Ipoh,Lakeville Residence,2600,1359
 Wangsa Maju,Fera Residence ,2600,699
 Titiwangsa,TR Residence,2600,710
 Segambut,Savio ,2600,1265
 Cheras,Arte Cheras,2600,868
 Bukit Jalil,JRK Convena ,2600,1050
 KL City,MET 1 Residences ,2600,677
 Sri Petaling,Pinnacle PJ,2600,855
 Mont Kiara,Inspirasi Mont Kiara Condominium Kuala Lumpur,2600,940
 Ampang Hilir,Sentrio Suites,2600,950
 Segambut,Savio ,2600,911
 Cheras,Arte Cheras,2600,868
 Keramat,The Haute,2600,1046
 Cheras,Arte Cheras,2600,868
 Ampang,The Elements,2600,1500
 Sungai Besi,Razak City Residences,2600,1140
 Pandan Perdana,28 Boulevard,2600,1200
 Segambut,Riana Dutamas,2598,960
 Cheras,Majestic Maxim,2550,900
 Sri Petaling,8th & Stellar,2500,800
 Segambut,Villa Crystal,2500,1155
 Desa ParkCity,Sofiya Residences,2500,862
 Setapak,Kenwingston Platz,2500,808
 Cheras,Emerald Hills,2500,1192
 Bukit Jalil,Residensi Bintang Bukit Jalil,2500,1009
 Brickfields,Residensi Brickfields,2500,799
 Jalan Kuching,Royal Domain Sri Putramas 2,2500,1295
 Brickfields,Residensi Brickfields,2500,800
 Setapak,PV18 Residence,2500,1021
 Jalan Kuching,Sri Putramas,2500,1100
 Segambut,Kondominium Kiara Kasih,2500,850
 Bukit Jalil,Residensi Bintang Bukit Jalil,2500,1000
 Bukit Jalil,Paraiso ,2500,960
 Keramat,Platinum Splendor Residensi Semarak,2500,850
 Titiwangsa,Titiwangsa Sentral,2500,1150
 Old Klang Road,Southbank Residence,2500,953
 KL City,Duta Park Residences,2500,957
 Bangsar South,Laurel Residence,2500,490
 Cheras,Emerald Hills,2500,1192
 Cheras,Arte Cheras,2500,868
 Old Klang Road,Tiara Mutiara 2,2500,955
 Jalan Ipoh,Lakeville Residence,2500,1224
 Setiawangsa,Seri Maya,2500,1381
 Setiawangsa,Seri Maya,2500,1200
 Sentul,One Maxim,2500,844
 Setapak,Kenwingston Platz,2500,808
 Sentul,MiNest Residence,2500,1050
 Bukit Jalil,Paraiso ,2500,960
 KL City,Villa Puteri,2500,1011
 Bangsar South,Laurel Residence,2500,495
 Wangsa Maju,Henna Residence  ,2500,841
 Bukit Jalil,Paraiso ,2500,960
 Ampang,D'Suria Condominium,2500,1060
 Pandan Perdana,28 Boulevard,2500,900
 Sri Damansara,Damansara Foresta,2500,1610
 KL City,Legasi Kampong Bharu,2500,820
 KLCC,One-Stop ,2500,885
 Cheras,Arte Cheras,2500,868
 Sentul,MiNest Residence,2500,1050
 Cheras,EkoCheras Service Apartment,2500,762
 Sentul,One Maxim,2500,844
 Sentul,One Maxim,2500,844
 Keramat,Platinum Splendor Residensi Semarak,2500,1065
 Cheras,Aster Residence Cheras,2500,650
 Cheras,J.Dupion,2500,800
 Kuchai Lama,288 Residences ,2500,1200
 Segambut,Villa Crystal,2500,1155
 Cheras,Emerald Hills,2500,1192
 Chan Sow Lin,Trion 2 ,2500,800
 Setiawangsa,Seri Maya,2500,1380
 Pandan Perdana,28 Boulevard,2500,775
 Bangsar South,Southlink,2500,495
 Old Klang Road,Tiara Mutiara 2,2500,955
 Cheras,Emerald Hills,2500,1192
 Segambut,Residensi Harmoni 2,2500,1420
 KL City,Residensi Jalan Jubilee,2500,1037
 Pandan Perdana,28 Boulevard,2500,958
 Sentul,Rafflesia Sentul Condominium,2500,901
 Bukit Jalil,Paraiso ,2500,960
 Bukit Jalil,Paraiso ,2500,960
 Kuala Lumpur,Segambut,2500,951
 Bukit Jalil,Paraiso ,2500,960
 Old Klang Road,BLOOMSVALE,2500,680
 Setapak,Platinum Lake PV 21,2500,1325
 Setapak,Bennington Residences ,2500,1236
 Cheras,Metro ,2500,900
 Brickfields,Residensi Brickfields,2500,923
 Wangsa Maju,Henna Residence  ,2500,814
 Desa ParkCity,Sofiya Residences,2500,862
 Segambut,Kondominium Kiara Kasih,2500,1000
 Setapak,Bennington Residences ,2500,1236
 Taman Tun Dr Ismail,Sri TTDI,2500,1185
 Taman Melawati,Serini Melawati,2500,836
 Cheras,Arte Cheras,2500,940
 Bukit Jalil,Residensi Bintang Bukit Jalil,2500,1009
 Cheras,Metro ,2500,900
 Wangsa Maju,Villa Wangsamas,2500,1267
 Bangsar South,Cubic Botanical,2500,657
 Kuchai Lama,Far East Residence,2500,657
 Cheras,Sunway Velocity TWO,2500,300
 Bukit Jalil,Paraiso ,2500,950
 Ampang Hilir,Reizz Residence,2500,845
 Bukit Jalil,Paraiso ,2500,950
 Bukit Jalil,The Park Sky Residence ,2500,945
 Kuchai Lama,Far East Residence,2499,657
 Sri Damansara,Damansara Foresta,2499,1493
 Kepong,Unio Residence,2499,500
 Cheras,Emerald Hills,2450,1192
 Keramat,Platinum Splendor Residensi Semarak,2450,1056
 Bangsar South,Laurel Residence,2450,495
 Ampang,Arte Plus Jalan Ampang,2400,1100
 Cheras,EkoCheras Service Apartment,2400,765
 Jalan Ipoh,Lakeville Residence,2400,1227
 Old Klang Road,Verve Suites),2400,704
 Cheras,EkoCheras Service Apartment,2400,750
 Wangsa Maju,Villa Wangsamas,2400,1267
 Keramat,Platinum Splendor Residensi Semarak,2400,1065
 Sri Damansara,Damansara Foresta,2400,1441
 Kuchai Lama,Kuchai Sentral,2400,848
 Chan Sow Lin,Trion 2 ,2400,800
 Sungai Besi,Razak City Residences,2400,1140
 Keramat,Platinum Splendor Residensi Semarak,2400,1065
 Kuchai Lama,Kuchai Sentral,2400,848
 Bukit Jalil,Residensi Bintang Bukit Jalil,2400,1009
 Wangsa Maju,Villa Wangsamas,2400,1267
 Old Klang Road,Verve Suites),2400,704
 Desa ParkCity,Sofiya Residences,2400,862
 Sentul,MiNest Residence,2400,822
 Old Klang Road,Tiara Mutiara 2,2400,950
 Kuchai Lama,Kuchai Sentral,2400,880
 Mid Valley City,Apartment Abdullah Hukum,2400,756
 Setapak,The Reach ,2400,1368
 Cheras,EkoCheras Service Apartment,2400,762
 Setapak,The Reach ,2400,1368
 Cheras,Parc 3,2400,737
 Ampang,Arte Plus Jalan Ampang,2400,1100
 Sentul,Sentul Point Suite Apartment,2400,850
 Cheras,Majestic Maxim,2400,819
 Wangsa Maju,Villa Wangsamas,2400,1267
 Setapak,KL Traders Square Residences,2400,1057
 Setapak,MH Platinum Residency,2400,858
 KL Sentral,Sentral Suites ,2400,350
 Bangsar South,South Link Lifestyle Apartments,2400,452
 Sri Petaling,8th & Stellar,2400,1000
 Cheras,EkoCheras Service Apartment,2400,762
 Kuchai Lama,Kuchai Sentral,2400,848
 Cheras,M Vertica,2380,1000
 Bukit Bintang,38 Bidara,2350,900
 Sentul,MiNest Residence,2350,1050
 Bukit Jalil,Kiara Residence 2,2350,1258
 Desa ParkCity,Sofiya Residences,2300,862
 Wangsa Maju,The Hamilton,2300,1000
 Setapak,Platinum Lake PV 13,2300,1313
 Cheras,EkoCheras Service Apartment,2300,686
 Setapak,Platinum Hill PV 2,2300,1380
 Cheras,Suasana Lumayan,2300,1142
 Sungai Besi,Razak City Residences,2300,1050
 Jalan Ipoh,Lakeville Residence,2300,1224
 KL City,M City,2300,780
 Taman Desa,Desa Green,2300,935
 Sri Damansara,Ativo Suites ,2300,499
 Jalan Ipoh,The Pano,2300,650
 Taman Melawati,3 Residen ,2300,1098
 Wangsa Maju,Villa Wangsamas,2300,1279
 Cheras,EkoCheras Service Apartment,2300,762
 Cheras,EkoCheras Service Apartment,2300,762
 Jalan Ipoh,The Birch,2300,669
 Bangsar South,Cubic Botanical,2300,605
 Sentul,Laman Seri Harmoni,2300,1000
 Cheras,Anggun Lumayan,2300,1100
 Kuchai Lama,KL Palace Court,2300,1328
 Jalan Kuching,Tuan 2egacy,2300,911
 Kuchai Lama,M Oscar,2300,708
 Kuala Lumpur,Taman Tun Dr Ismail,2300,2300
 Taman Melawati,Nadayu62,2300,950
 Bukit Jalil,Paraiso ,2300,960
 Seputeh,Avara Seputeh,2300,667
 Bangsar,Araville,2300,474
 Sentul,Laman Seri Harmoni,2300,1000
 Bangsar,Nadi Bangsar Service Residence,2300,441
 Setapak,Platinum Lake PV 13,2300,1313
 Brickfields,Menara Pelangi,2300,900
 Setiawangsa,Seri Maya,2300,1302
 Cheras,EkoCheras Service Apartment,2300,762
 Chan Sow Lin,Trion 2 ,2300,665
 Brickfields,Alila Bangsar,2300,480
 Setiawangsa,Seri Maya,2300,1302
 Bukit Jalil,Residensi Bintang Bukit Jalil,2300,805
 Jalan Ipoh,Lakeville Residence,2300,980
 Cheras,Arte Cheras,2300,868
 Taman Melawati,3 Residen ,2300,1209
 Setiawangsa,Seri Maya,2300,1302
 Setapak,KL Traders Square Residences,2300,1059
 Bangsar South,South View Serviced Apartments,2300,648
 Cheras,Arte Cheras,2300,94
 Jalan Kuching,Royal Regent,2300,1300
 Wangsa Maju,Fera Residence ,2300,842
 Jalan Kuching,Tuan 2egacy,2300,911
 Sentul,The Fennel Sentul East,2300,1237
 Setiawangsa,Seri Maya,2300,1350
 Setapak,MH Platinum Residency,2300,1018
 Setapak,Kenwingston Platz,2300,808
 Cheras,Metro ,2300,720
 Ampang,The Ridge ,2300,657
 Sri Petaling,8th & Stellar,2299,711
 Sri Petaling,8th & Stellar,2299,711
 Sentul,One Maxim,2280,850
 Cheras,Arte Cheras,2280,868
 Cheras,Arte Cheras,2280,868
 Cheras,Arte Cheras,2280,868
 Cheras,Arte Cheras,2280,868
 Wangsa Maju,Henna Residence  ,2280,657
 Cheras,Arte Cheras,2280,868
 Cheras,Arte Cheras,2280,868
 Setapak,Residensi Vista Wirajaya,2250,850
 Wangsa Maju,Fera Residence ,2250,842
 Chan Sow Lin,Trion 2 ,2250,660
 Kepong,Unio Residence,2250,866
 Cheras,Anggun Lumayan,2250,1100
 Bukit Bintang,38 Bidara,2200,850
 Kuala Lumpur,Wangsa Maju,2200,1250
 Setapak,Kenwingston Platz,2200,808
 Brickfields,Menara Pelangi,2200,1000
 Setapak,Bennington Residences ,2200,1250
 Jalan Ipoh,Boulevard Serviced Apartment,2200,1200
 Pudu,Continew Condominium,2200,549
 Sri Hartamas,Dorsett Residences Sri Hartamas,2200,700
 Segambut,Savio ,2200,911
 Ampang Hilir,Villa Ampang,2200,1000
 Kepong,Mizumi Residences,2200,900
 Old Klang Road,The Nest Residences,2200,650
 Wangsa Maju,Lexa Residence ,2200,895
 Setapak,Prima Setapak 2,2200,1433
 Cheras,Emerald Hills,2200,893
 Segambut,United Point Residence ,2200,958
 Puchong,8 Kinrara,2200,1089
 Cheras,Metro ,2200,900
 Setapak,Setapak Green,2200,1362
 Kuchai Lama,Kuchai Sentral,2200,900
 Cheras,The Hamstead,2200,1003
 Kepong,Mizumi Residences,2200,932
 Setapak,MH Platinum Residency,2200,857
 Setapak,KL Traders Square Residences,2200,918
 Cheras,The Holmes,2200,1018
 Cheras,Majestic Maxim,2200,819
 Titiwangsa,Titiwangsa Sentral,2200,1100
 Mid Valley City,Apartment Abdullah Hukum,2200,750
 Ampang,Arte Plus Jalan Ampang,2200,878
 Sentul,Sentul Point Suite Apartment,2200,850
 Keramat,Platinum Splendor Residensi Semarak,2200,1065
 Kepong,Mizumi Residences,2200,932
 Sentul,Sentul Point Suite Apartment,2200,750
 Setapak,Platinum Lake PV 21,2200,1325
 Wangsa Maju,Fera Residence ,2200,840
 Cheras,Laman Tasik,2200,2229
 Jalan Ipoh,Lakeville Residence,2200,1068
 Setapak,Kenwingston Platz,2200,1000
 Kuchai Lama,Lily Apartment,2200,820
 Setapak,Vista Danau Kota,2200,882
 Cheras,EkoCheras Service Apartment,2200,762
 Wangsa Maju,Lexa Residence ,2200,813
 Cheras,Amaya Maluri,2200,1127
 Ampang,The Elements,2200,850
 Cheras,Metro ,2200,720
 Cheras,Suasana Lumayan,2200,1142
 Bukit Jalil,The Havre ,2200,1023
 KLCC,Menara Avenue,2200,930
 Kuchai Lama,Lily Apartment,2200,820
 Setapak,M3 Residency,2200,1092
 Kepong,Enesta,2200,1032
 Taman Melawati,Saville ,2200,1007
 Taman Tun Dr Ismail,Desa Kiara,2200,1169
 Cheras,Pertiwi Indah,2200,1280
 Kuchai Lama,Lily Apartment,2200,820
 Cheras,Majestic Maxim,2200,819
 Kuchai Lama,KL Palace Court,2200,1313
 Kepong,The Herz,2200,1144
 Sentul,Sentul Point Suite Apartment,2200,743
 KLCC,Parkview Service Apartment,2200,635
 Old Klang Road,VIVO Residential Suites ,2200,775
 Taman Melawati,Saville ,2200,1007
 Kuchai Lama,Lily Apartment,2200,820
 Setapak,Kenwingston Platz,2200,850
 Sentul,M Centura,2200,850
 Bukit Bintang,Angkasa Impian 2,2200,659
 KLCC,Cormar Suite,2200,452
 Sungai Besi,Razak City Residences,2199,1045
 Old Klang Road,CitiZen,2190,1100
 Kepong,Mizumi Residences,2180,900
 Bangsar South,Cubic Botanical,2150,650
 Cheras,Arte Cheras,2150,868
 Kepong,Plaza Metro Prima,2100,1460
 Titiwangsa,Vue Residences,2100,737
 Setapak,Kenwingston Platz,2100,808
 Sentul,Sky Awani 5,2100,800
 Cheras,Suasana Lumayan,2100,1142
 Titiwangsa,Vue Residences,2100,737
 Titiwangsa,Vue Residences,2100,727
 Sentul,Sentul Point Suite Apartment,2100,743
 Setapak,Kenwingston Platz,2100,800
 Setapak,Kenwingston Platz,2100,808
 Sentul,Laman Seri Harmoni,2100,1000
 KL City,Seri Bukit Ceylon,2100,753
 Kepong,M Luna,2100,850
 Kepong,Plaza Metro Prima,2100,1460
 Setapak,Kenwingston Platz,2100,808
 Cheras,Pertiwi Indah,2100,1012
 Ampang,The Elements,2100,850
 Bangsar,Kondominium Fajaria ,2100,800
 Sentul,Sentul Point Suite Apartment,2100,850
 Sentul,Sentul Point Suite Apartment,2100,850
 Bangsar South,Cubic Botanical,2100,518
 Sentul,M Centura,2100,850
 Sentul,M Centura,2100,850
 Titiwangsa,Vue Residences,2100,737
 Ampang,The Elements,2100,850
 Setapak,Vista Danau Kota,2100,810
 Sentul,Sky Awani 5,2100,800
 Setapak,Residensi Rampai,2100,900
 Setapak,Kenwingston Platz,2100,808
 Brickfields,Residensi Brickfields,2100,1050
 Setapak,Kenwingston Platz,2100,808
 Ampang,The Elements,2100,850
 Setapak,Kenwingston Platz,2100,808
 Sentul,Rafflesia Sentul Condominium,2100,1365
 Brickfields,Menara Puteri,2100,1100
 Wangsa Maju,Fera Residence ,2100,824
 Setapak,KL Traders Square Residences,2100,918
 Sentul,Sky Awani 5,2100,800
 Jalan Kuching,Royal Domain Sri Putramas 2,2100,1210
 KL City,Seri Bukit Ceylon,2100,748
 Setapak,Kenwingston Platz,2100,808
 Cheras,EkoCheras Service Apartment,2100,762
 Bangsar South,Cubic Botanical,2100,700
 Titiwangsa,Vue Residences,2100,737
 Sentul,Laman Seri Harmoni,2100,950
 Wangsa Maju,Seruni Residence,2100,924
 Sentul,SkyAwani V Residence ,2100,800
 Titiwangsa,Vue Residences,2100,737
 Cheras,EkoCheras Service Apartment,2100,762
 Sri Petaling,8th & Stellar,2100,682
 KLCC,Parkview Service Apartment,2100,600
 Setapak,Residensi MH Platinum 2,2100,692
 KLCC,Parkview Service Apartment,2100,600
 Bangsar,Bangsar Trade Centre,2100,514
 Titiwangsa,Vue Residences,2100,737
 Sentul,M Centura,2100,850
 Titiwangsa,Vue Residences,2100,737
 Cheras,J.dupion,2100,803
 Setapak,EdgeWood Residences,2100,1096
 Bukit Jalil,Residensi Aman Jalil,2100,900
 Setiawangsa,The Valley ,2100,800
 KL City,M City,2099,685
 Cheras,The Sky Residence ,2099,832
 Jalan Ipoh,The Pano,2050,812
 Cheras,D Alamanda,2050,1096
 Cheras,Metro ,2000,720
 Titiwangsa,Titiwangsa Sentral,2000,1100
 Bukit Bintang,38 Bidara,2000,861
 Wangsa Maju,Seasons Garden Residences ,2000,800
 Cheras,Suasana Lumayan,2000,1364
 Jalan Kuching,Tuan 2egacy,2000,750
 Pudu,Merdeka View Apartment,2000,930
 Setapak,Prima Setapak 2,2000,1400
 Brickfields,Riveria City,2000,250
 Setapak,Residensi MH Platinum 2,2000,852
 Cheras,Parc 3,2000,636
 Ampang,The Elements,2000,705
 Sentul,SkyAwani V Residence ,2000,800
 Bukit Bintang,38 Bidara,2000,861
 Cheras,Damai Vista ,2000,1000
 Titiwangsa,Vue Residences,2000,500
 Setiawangsa,The Valley ,2000,796
 Sri Hartamas,The Signature,2000,500
 Jalan Ipoh,Rivercity Condominium,2000,1135
 Setapak,Putra Villa,2000,1038
 Setapak,Putra Villa,2000,1100
 Sentul,MiNest Residence,2000,822
 Cheras,The Holmes,2000,1018
 Sungai Besi,Central Residence ,2000,731
 Setapak,KL Traders Square Residences,2000,918
 Bukit Jalil,Kiara Residence 2,2000,1069
 Setapak,KL Traders Square Residences,2000,1059
 Bukit Jalil,Casa Green,2000,825
 Old Klang Road,The Nest Residences,2000,822
 Segambut,Savio ,2000,903
 Keramat,Platinum Splendor Residensi Semarak,2000,926
 Jalan Kuching,Tuan 2egacy,2000,750
 Wangsa Maju,Seasons Garden Residences ,2000,800
 Cheras,Mentari Condominium,2000,1025
 Jalan Ipoh,Court 28 ,2000,703
 Kepong,PPA1M Metropolitan Kepong,2000,1500
 Wangsa Maju,Seasons Garden Residences ,2000,800
 Setapak,Platinum Hill PV 8,2000,1600
 Setapak,The Loft ,2000,575
 Setapak,Putra Villa,2000,1100
 Setapak,Vista Danau Kota,2000,810
 Bukit Jalil,Lanai Residences,2000,800
 Setapak,Vista Danau Kota,2000,810
 Solaris Dutamas,28 Dutamas,2000,1253
 Bukit Jalil,Casa Green,2000,850
 Sentul,Sentul Point Suite Apartment,2000,850
 Kuchai Lama,216 Residences,2000,660
 Wangsa Maju,Seasons Garden Residences ,2000,800
 Sungai Besi,The Vyne,2000,855
 Jalan Kuching,Tuan 2egacy,2000,750
 Cheras,Suasana Lumayan,2000,1142
 Setapak,KL Traders Square Residences,2000,842
 Setapak,Prima Setapak II,2000,1443
 Brickfields,Riveria City,2000,300
 Bukit Jalil,Residensi Bintang Bukit Jalil,2000,1009
 Setapak,Platinum Hill PV 8,2000,1600
 Titiwangsa,TR Residence,2000,750
 Cheras,Ketumbar Hill,2000,910
 KL City,Residensi Jalan Jubilee,2000,1220
 Sentul,Laman Seri Harmoni,2000,950
 Cheras,Emerald Hills,2000,893
 Bukit Jalil,Impiana Sky Residensi,2000,850
 Bukit Bintang,38 Bidara,2000,861
 Setapak,KL Traders Square Residences,2000,920
 Bangsar South,Cubic Botanical,2000,600
 Setapak,KL Traders Square Residences,2000,1059
 Keramat,Platinum Splendor Residensi Semarak,2000,1065
 Bukit Jalil,Casa Green,2000,850
 Setapak,Putra Villa,2000,1100
 Kepong,PPA1M Metropolitan Kepong,2000,1500
 Sentul,Vista Sentul Residences,2000,818
 Sungai Besi,Kenwingston Avenue,2000,650
 Brickfields,Riveria City,2000,250
 Segambut,United Point Residence ,2000,958
 Jalan Kuching,Tuan 2egacy,2000,750
 Jalan Kuching,Royal Domain Sri Putramas 2,2000,1295
 Sungai Besi,Razak City Residences,2000,850
 Kepong,PPA1M Metropolitan Kepong,2000,1500
 Bukit Bintang,38 Bidara,2000,861
 Ampang,The Elements,2000,705
 Sentul,M Centura,2000,850
 Sungai Besi,Razak City Residences,2000,800
 Jalan Ipoh,Court 28 ,2000,703
 Ampang,Arte Plus Jalan Ampang,2000,878
 Ampang,Arte Plus Jalan Ampang,2000,792
 Kepong,Residensi Metro Kepong,2000,950
 Old Klang Road,The Scott Garden,2000,775
 Sentul,Sentul Point Suite Apartment,2000,850
 Wangsa Maju,Seasons Garden Residences ,2000,800
 KL Sentral,Sentral Suites ,2000,300
 Bukit Jalil,Residensi Bintang Bukit Jalil,2000,1009
 Segambut,Royalle Condominium,2000,850
 Wangsa Maju,Henna Residence  ,2000,808
 Jalan Kuching,Tuan 2egacy,2000,750
 Old Klang Road,Southbank Residence,2000,798
 Jalan Ipoh,Lakeville Residence,2000,978
 Ampang,Arte Plus Jalan Ampang,2000,792
 Wangsa Maju,Seasons Garden Residences ,2000,800
 Taman Melawati,Serini Melawati,2000,633
 Bukit Bintang,38 Bidara,2000,861
 Bukit Jalil,Jalil Damai,2000,932
 Bangsar South,Cubic Botanical,2000,650
 Setapak,KL Traders Square Residences,2000,950
 Jalan Kuching,Tuan 2egacy,2000,750
 Sentul,M Centura,2000,850
 Sentul,The Saffron,2000,1087
 Mid Valley City,Apartment Abdullah Hukum,2000,750
 Setapak,Vista Danau Kota,2000,810
 Mont Kiara,Arte ,2000,494
 Wangsa Maju,Seasons Garden Residences ,2000,800
 Setapak,Residensi Rampai,2000,850
 Setapak,Prima Setapak II,2000,1426
 Bukit Jalil,Vista Komanwel C,2000,1200
 Setapak,Kenwingston Platz,2000,808
 Cheras,The Holmes 2,1999,1000
 Bukit Jalil,Casa Green,1999,825
 Cheras,D Alamanda,1999,1097
 Bangsar South,Cubic Botanical,1999,650
 Jalan Kuching,Tuan Residency,1999,878
 Old Klang Road,The Nest Residences,1999,996
 Setapak,Vista Danau Kota,1999,810
 Setapak,KL Traders Square Residences,1999,918
 Kepong,Fortune Avenue,1999,1137
 Segambut,Kondominium Kiara Kasih,1999,850
 Cheras,D Alamanda,1999,1097
 Kuchai Lama,Kuchai Avenue,1999,999
 Setapak,Vista Langkawi ,1950,1219
 Setapak,Platinum Hill PV 5,1950,1331
 Setapak,Platinum Hill PV 5,1950,1331
 Setapak,Platinum Hill PV 5,1950,1331
 Bukit Jalil,Casa Green,1950,825
 Segambut,United Point Residence ,1950,829
 Setapak,Platinum Hill PV 5,1950,1331
 Setapak,Platinum Hill PV 5,1950,1331
 Sentul,Laman Seri Harmoni,1950,950
 Setapak,PV18 Residence,1950,1219
 Setapak,Platinum Hill PV 5,1950,1331
 Setapak,Platinum Hill PV 5,1950,1331
 Setapak,Prima Setapak 2,1950,1400
 Bangsar South,Cubic Botanical,1949,650
 Kuala Lumpur,Bukit Jalil,1900,850
 Cheras,Arte Cheras,1900,900
 Wangsa Maju,Fera Residence ,1900,857
 Jalan Kuching,Royal Domain Sri Putramas 2,1900,1125
 Cheras,Metro ,1900,750
 Setapak,Sky Awani 3 Residence,1900,800
 Setapak,Sky Awani 3 Residence,1900,800
 Sentul,The Fennel Sentul East,1900,600
 Setapak,KL Traders Square Residences,1900,842
 Wangsa Maju,Villa Wangsamas,1900,1267
 Pudu,Ixora Apartments,1900,980
 Setapak,Zen Suites ,1900,900
 Bandar Damai Perdana,Damai Hillpark,1900,1050
 Kepong,The Henge Kepong,1900,1100
 Wangsa Maju,Seasons Garden Residences ,1900,800
 Taman Melawati,Serini Melawati,1900,635
 Cheras,Arte Cheras,1900,868
 Brickfields,Riveria City,1900,400
 Segambut,Savio ,1900,722
 Setapak,Residensi Rampai,1900,900
 Setapak,KL Traders Square Residences,1900,850
 Brickfields,Riveria City,1900,250
 Setapak,222 Residency,1900,1012
 Taman Melawati,Serini Melawati,1900,622
 Bukit Bintang,Mutiara Villa,1900,615
 Setapak,KL Traders Square Residences,1900,1095
 Sungai Besi,Residensi Hijauan Lumayan,1900,1033
 Desa Pandan,Sri Ampang Hilir,1900,1267
 Setapak,Sky Awani 3 Residence,1900,800
 Sri Petaling,Endah Promenade,1900,1279
 Setapak,Kenwingston Platz,1900,650
 Wangsa Maju,Seasons Garden Residences ,1900,800
 Bangsar South,Cubic Botanical,1900,650
 KL Sentral,Suasana Sentral Loft,1900,300
 Wangsa Maju,Altris Residences ,1900,700
 Brickfields,Palm Court,1900,952
 Jalan Kuching,Sri Putramas,1900,1100
 Kepong,Plaza Metro Prima,1900,1460
 Setapak,Residensi Platinum Teratai,1900,928
 Cheras,Sering Akasia,1900,1564
 Sentul,M Centura,1900,850
 Setapak,Sky Awani 3 Residence,1900,800
 Setapak,Sky Awani Residensi 4,1900,800
 Titiwangsa,Vue Residences,1900,500
 Cheras,Residensi Alam Damai,1900,1048
 Sentul,Bayu Andaman,1900,1000
 Taman Desa,Danau Permai,1900,900
 Kuala Lumpur,Pandan Perdana,1900,721
 Mont Kiara,Arte ,1899,517
 Sentul,Laman Seri Harmoni,1899,1000
 Sungai Besi,Razak City Residences,1899,800
 Kuala Lumpur,The Veo,1888,820
 Taman Melawati,Saville ,1880,1007
 Keramat,Platinum Splendor Residensi Semarak,1880,1065
 Old Klang Road,Citizen 2 ,1880,723
 Bukit Jalil,Condominium Akasia Bukit Jalil,1850,1140
 Sentul,Sky Awani Residensi,1850,800
 Setapak,Putra Villa,1850,1100
 Bukit Jalil,Impiana Sky Residensi,1850,850
 Kuala Lumpur,Jalan Ipoh,1850,1200
 Ampang,The Elements,1850,640
 Sentul,MiNest Residence,1850,900
 KL City,Residensi Jalan Jubilee,1850,1010
 Sentul,M Centura,1850,1001
 Brickfields,Palm Court,1850,950
 Setapak,Sky Awani Residensi 4,1850,800
 Setapak,Merdu Residensi,1800,806
 Taman Desa,Residensi Desamas ,1800,900
 Cheras,The Holmes,1800,1018
 Bukit Jalil,PPA1M Mercu Jalil,1800,1000
 Jalan Ipoh,Rivercity Condominium,1800,1275
 Cheras,Metro ,1800,950
 Bukit Jalil,Vista Komanwel C,1800,1220
 Taman Melawati,Gaya Apartments,1800,972
 Taman Melawati,Gaya Apartments,1800,972
 Sentul,M Centura,1800,850
 Ampang,Merdeka Villa,1800,930
 Segambut,Savio ,1800,653
 Setapak,Residensi MH Platinum 2,1800,850
 Solaris Dutamas,Changkat View Condominium,1800,1100
 Old Klang Road,Residency V,1800,645
 Cheras,Queensville,1800,525
 Jalan Ipoh,Putra Majestik,1800,1016
 Sentul,Sky Awani 2 Residence,1800,800
 Sentul,Sky Awani Residensi 2,1800,800
 Cheras,Arte Cheras,1800,868
 Segambut,Savio ,1800,800
 Setapak,PV 10 Platinum Lake Condominium,1800,1182
 Bangsar South,Cubic Botanical,1800,650
 Bukit Jalil,PPA1M Mercu Jalil,1800,1000
 Setapak,KL Traders Square Residences,1800,940
 Cheras,Bam Villa,1800,1100
 Sentul,Laman Seri Harmoni,1800,1000
 Cheras,Residensi Alam Damai,1800,995
 Jalan Ipoh,Putra Majestik,1800,1020
 Setapak,MH Platinum Residency,1800,918
 Bangsar South,Cubic Botanical,1800,650
 Wangsa Maju,Seasons Garden Residences ,1800,850
 Sungai Besi,Midfields,1800,1100
 Old Klang Road,The Pearl,1800,1150
 Setapak,Kenwingston Platz,1800,650
 Jalan Ipoh,Lakeville Residence,1800,977
 Cheras,Queensville,1800,526
 Sentul,Sang Suria,1800,1050
 Bukit Jalil,Casa Green,1800,925
 Brickfields,Cuepacs Apartment,1800,350
 KL City,M City,1800,508
 Setapak,Vista Danau Kota,1800,810
 Bukit Jalil,Vista Komanwel C,1800,1220
 Ampang,The Elements,1800,850
 Setapak,Platinum Hill PV 2,1800,1450
 Ampang,Arte Plus Jalan Ampang,1800,800
 Sentul,MiNest Residence,1800,822
 Old Klang Road,The Nest Residences,1800,903
 KL City,Villa Puteri,1800,1105
 Jalan Kuching,Tuan 2egacy,1800,905
 Setapak,Sky Awani 3 Residence,1800,800
 Setapak,The Loft ,1800,650
 Setapak,Residensi Rampai,1800,850
 Setapak,Danau Kota Suite Apartments,1800,918
 Sri Hartamas,The Signature,1800,421
 Setapak,KL Traders Square Residences,1800,940
 Setapak,Residensi Rampai,1800,1100
 Sentul,Sky Awani Residensi,1800,850
 Jalan Ipoh,Putra Majestik,1800,1064
 Bukit Jalil,Residensi Aman Jalil,1800,900
 Bukit Jalil,Jalil Damai,1800,923
 Old Klang Road,The Nest Residences,1800,903
 Bukit Jalil,Lanai Residences,1800,800
 Bukit Jalil,PPA1M Mercu Jalil,1800,1000
 Old Klang Road,The Nest Residences,1800,903
 Bukit Jalil,Lanai Residences,1800,800
 Bukit Jalil,Casa Green,1800,1002
 Jalan Ipoh,Putra Majestik,1800,1064
 Setapak,Residensi Platinum Teratai,1800,928
 Bukit Jalil,Vista Komanwel C,1800,1220
 Segambut,Kondominium Kiara Kasih,1800,850
 Desa ParkCity,Sofiya Residences,1800,862
 Bukit Jalil,Vista Komanwel C,1800,1220
 Setapak,KL Traders Square Residences,1800,940
 Setapak,The Parc Tower,1800,1100
 Sentul,Rafflesia Sentul Condominium,1800,901
 Taman Desa,Danau Impian,1800,921
 Sentul,Sky Awani 2 Residence,1800,900
 Setapak,288 Residency,1800,1406
 Segambut,Kondominium Kiara Kasih,1800,850
 Setapak,Sky Awani 3 Residence,1800,800
 Setapak,The Nest Residence ,1800,1000
 Setapak,Danau Kota Suite Apartments,1800,829
 Kuchai Lama,Kuchai Sentral,1800,1100
 Cheras,Metro ,1800,550
 Bukit Jalil,Vista Komanwel C,1800,1220
 Setapak,KL Traders Square Residences,1800,940
 Ampang,The Elements,1800,850
 Sentul,Sky Awani 2 Residence,1800,800
 Taman Melawati,Serini Melawati,1800,633
 Wangsa Maju,Seasons Garden Residences ,1800,900
 Kuchai Lama,Lily Apartment,1800,800
 Cheras,Parc 3,1800,821
 Setapak,KL Traders Square Residences,1800,940
 Cheras,Segar View,1800,1056
 Bukit Jalil,Condominium Akasia Bukit Jalil,1800,1149
 Setapak,Residensi Rampai,1800,850
 Desa Petaling,Widuri Impian,1800,900
 Setapak,KL Traders Square Residences,1800,940
 Setapak,Residensi Rampai,1800,1100
 Pandan Perdana,28 Boulevard,1800,450
 Setapak,Ascenda Residences ,1800,1000
 Setapak,Ascenda Residences ,1800,1000
 Jalan Kuching,Tuan Residency,1800,878
 Cheras,Mentari Condominium,1800,1025
 Segambut,Savio ,1800,805
 KL City,Chambers Kuala Lumpur,1800,450
 Kuchai Lama,Anyaman Residence,1800,935
 Old Klang Road,The Scott Garden,1800,775
 Setapak,KL Traders Square Residences,1800,940
 Bukit Jalil,Vista Komanwel C,1800,1220
 Keramat,Platinum Splendor Residensi Semarak,1800,1065
 Pandan Perdana,28 Boulevard,1800,450
 Setapak,Ascenda Residences ,1800,1000
 Solaris Dutamas,Changkat View Condominium,1800,1100
 Sungai Besi,Razak City Residences,1800,1150
 Bukit Jalil,Residensi Aman Jalil,1800,900
 Setapak,Sky Awani 3 Residence,1800,800
 Setapak,KL Traders Square Residences,1800,842
 Setapak,PPAM Setapak Riviera,1800,1050
 Sentul,Sky Awani 2 Residence,1800,800
 Wangsa Maju,Seasons Garden Residences ,1799,800
 Ampang,Arte Plus Jalan Ampang,1799,800
 Bukit Jalil,The Havre ,1799,1050
 Ampang,Arte Plus Jalan Ampang,1799,752
 Bukit Jalil,Vista Komanwel A,1799,1200
 Jalan Ipoh,Putra Majestik,1799,1064
 Bukit Jalil,PPA1M Mercu Jalil,1798,1000
 Cheras,The Holmes 2,1790,1000
 Mont Kiara,Arte ,1780,595
 Sentul,Sky Awani Residensi 2,1750,800
 Kuchai Lama,Kuchai Avenue,1750,935
 Cheras,J.dupion,1750,864
 Cheras,Queensville,1750,750
 Bangsar South,Cubic Botanical,1750,650
 Bukit Jalil,Vista Komanwel C,1750,1200
 Bukit Jalil,Vista Komanwel C,1750,1200
 Segambut,Kondominium Kiara Kasih,1750,850
 Old Klang Road,CitiZen,1750,853
 Old Klang Road,Citizen 2 ,1750,725
 Bukit Jalil,PPA1M Mercu Jalil,1750,1000
 Bukit Jalil,Vista Komanwel C,1750,1200
 Setapak,PPAM Setapak Riviera,1750,1000
 Wangsa Maju,Seasons Garden Residences ,1750,780
 Sentul,Sentul Point Suite Apartment,1750,850
 Bukit Jalil,Vista Komanwel C,1750,1200
 Bukit Jalil,Vista Komanwel C,1750,1200
 Sentul,Sentul Point Suite Apartment,1700,743
 Setapak,Residensi Wangsa Meranti,1700,800
 Setapak,Merdu Residensi,1700,806
 Wangsa Maju,Altris Residences ,1700,700
 Setapak,Altris ,1700,700
 Kuala Lumpur,Sentul,1700,1000
 Kepong,Vista Mutiara,1700,1001
 Titiwangsa,Titiwangsa Sentral,1700,550
 Kepong,M Luna,1700,850
 Ampang,Neu Suites,1700,450
 Old Klang Road,The Scott Garden,1700,775
 Setapak,Residensi Platinum Teratai,1700,950
 Bukit Jalil,The Z Residence,1700,1100
 Bukit Jalil,The Z Residence,1700,1250
 Setapak,Residensi MH Platinum 2,1700,857
 Kepong,M Luna,1700,850
 OUG,OUG Parklane,1700,950
 Bukit Jalil,Residensi Aman Jalil,1700,900
 Setapak,KL Traders Square Residences,1700,1059
 Bukit Jalil,Vista Komanwel C,1700,1200
 Setapak,Sky Awani 3 Residence,1700,800
 Sungai Besi,1 Razak Mansion,1700,1045
 Jalan Ipoh,The Pano,1700,600
 Setapak,Residensi Platinum Teratai,1700,950
 Solaris Dutamas,Changkat View Condominium,1700,1100
 Bukit Jalil,Condominium Akasia Bukit Jalil,1700,1140
 Setapak,Residensi Platinum Teratai,1700,950
 Setapak,Residensi Platinum Teratai,1700,928
 Cheras,The Sky Residence ,1700,668
 Kepong,PPA1M Metropolitan Kepong,1700,1500
 Jalan Ipoh,Lakeville Residence,1700,977
 Mont Kiara,Bougainvilla Apartment,1700,1200
 Pantai,Residensi Suria Pantai,1700,850
 Brickfields,Riveria City,1700,486
 Bukit Jalil,Anjung Hijau,1700,1020
 Kepong,Enesta,1700,803
 Solaris Dutamas,Changkat View Condominium,1700,1100
 Sentul,Sentul Point Suite Apartment,1700,743
 Setapak,Sky Awani Residensi 4,1700,800
 Brickfields,Riveria City,1700,250
 Kuchai Lama,Lily Apartment,1700,800
 Sentul,Sentul Point Suite Apartment,1700,743
 Kuchai Lama,Spring Avenue ,1700,986
 Solaris Dutamas,Changkat View Condominium,1700,1100
 Setapak,Residensi Platinum Teratai,1700,950
 Titiwangsa,Expressionz Professional Suites,1700,360
 Sentul,Laman Seri Harmoni,1700,850
 Jalan Ipoh,The Pano,1700,600
 Kepong,Vista Mutiara,1700,1001
 Sentul,Vista Sentul Residences,1700,948
 Bukit Jalil,Kinrara Mas Condominium,1700,1231
 Cheras,Warisan City View,1700,910
 Setapak,Vista Danau Kota,1700,810
 Setiawangsa,The Valley ,1700,700
 Sentul,Sentul Point Suite Apartment,1700,850
 Setapak,Sky Awani 3 Residence,1700,800
 Sentul,Laman Seri Harmoni,1700,1000
 Kepong,M Luna,1700,700
 Jalan Ipoh,Menara Megah,1700,1186
 Old Klang Road,The Nest Residences,1700,871
 Setapak,Residensi Rampai,1700,1100
 Kepong,Vista Mutiara,1700,1001
 Setapak,KL Traders Square Residences,1700,842
 Kepong,M Luna,1700,850
 Bangsar South,Flat Taman Bukit Angkasa,1700,700
 Keramat,Platinum Splendor Residensi Semarak,1700,1065
 Sentul,Sky Awani Residensi,1700,800
 Jalan Sultan Ismail,Regalia Residence,1700,560
 Jalan Kuching,Royal Domain Sri Putramas 2,1700,1100
 Bangsar South,Pantai Hillpark 2,1700,1100
 Wangsa Maju,Seasons Garden Residences ,1700,850
 Taman Desa,Danau Murni,1700,800
 Segambut,Kondominium Kiara Kasih,1700,850
 Ampang Hilir,M Suites,1700,502
 Sentul,LSH Sentul,1700,1000
 Setapak,KL Traders Square Residences,1699,942
 Jalan Ipoh,Putra Majestik,1690,1064
 Old Klang Road,Citizen 2 ,1690,725
 Pandan Perdana,28 Boulevard,1688,510
 Cheras,Queensville,1688,610
 Pantai,Residensi Suria Pantai,1680,810
 Pantai,Residensi Suria Pantai,1680,810
 Pantai,Residensi Suria Pantai,1680,810
 Pantai,Residensi Suria Pantai,1680,810
 Pantai,Residensi Suria Pantai,1680,810
 Pantai,Residensi Suria Pantai,1680,810
 KL City,Maytower,1650,351
 Jalan Kuching,Sri Putramas,1650,1050
 Setiawangsa,Mahsuri Apartment,1650,850
 Kuala Lumpur,Bukit Jalil,1650,950
 KL City,Maytower,1650,350
 Jalan Sultan Ismail,Regalia Residence,1650,600
 Old Klang Road,The Scott Garden,1650,750
 Kuchai Lama,De Tropicana,1650,1100
 Setapak,Vista Danau Kota,1650,810
 Jalan Kuching,Sri Putramas,1650,1050
 Jalan Kuching,Sri Putramas,1650,1050
 Jalan Ipoh,Menara Megah,1650,1186
 Jalan Kuching,Sri Putramas,1650,1050
 Jalan Kuching,Sri Putramas,1650,1050
 Segambut,Kondominium Kiara Kasih,1650,850
 Pandan Perdana,28 Boulevard,1650,510
 Setapak,KL Traders Square Residences,1650,940
 Bukit Jalil,Residensi Aman Jalil,1650,900
 Ampang,The Elements,1650,640
 Puchong,OHako,1650,885
 Cheras,Montena,1650,603
 Setapak,Flora Residency,1648,800
 Jalan Kuching,Flexus Signature Suites,1600,563
 Cheras,Putra Suria Residence,1600,748
 Desa Pandan,Delima J Desa Pandan,1600,875
 Setapak,222 Residency,1600,1000
 Cheras,Cengal Condominium,1600,900
 Kuala Lumpur,Sentul,1600,850
 Desa Pandan,Delima J Desa Pandan,1600,958
 Cheras,Montena,1600,689
 Old Klang Road,The Nest Residences,1600,550
 Sentul,LSH Sentul,1600,1000
 Kepong,Enesta,1600,800
 Cheras,Bayu Tasik 2,1600,942
 Sentul,Sky Awani Residensi,1600,800
 Sri Petaling,Endah Ria,1600,946
 Kepong,M Luna,1600,700
 Kuala Lumpur,Salak Selatan,1600,1025
 Taman Desa,Faber Ria,1600,450
 Bukit Jalil,The Andes,1600,1105
 Setapak,Residensi Platinum Teratai,1600,900
 Bukit Jalil,Casa Green,1600,825
 Jalan Kuching,Royal Domain Sri Putramas 2,1600,1280
 Bukit Jalil,The Andes,1600,1105
 Jalan Ipoh,Zeta Deskye Residence,1600,1025
 Kuchai Lama,Kuchai Avenue,1600,935
 Kuala Lumpur,Bukit Jalil,1600,797
 Wangsa Maju,Menara Alpha,1600,1000
 Cheras,Cengal Condominium,1600,1000
 Setapak,PPAM Setapak Riviera,1600,880
 Puchong,Twinz Residences,1600,900
 Jalan Ipoh,Zeta Deskye Residence,1600,1037
 Kuchai Lama,Kuchai Avenue,1600,935
 Cheras,Bayu Tasik 1,1600,960
 Cheras,Bayu Tasik 1,1600,929
 Mont Kiara,Bougainvilla Apartment,1600,1200
 Cheras,Bayu Tasik 2,1600,945
 Cheras,Cengal Condominium,1600,922
 Bukit Jalil,Casa Green,1600,825
 Kepong,The Henge Kepong,1600,1100
 Segambut,Bukit Segambut,1600,1045
 Kuchai Lama,M Oscar,1600,708
 Bukit Jalil,Casa Green,1600,825
 Cheras,The Holmes 2,1600,950
 Setapak,Residensi Platinum Teratai,1600,1000
 Bukit Jalil,Casa Green,1600,825
 Setapak,M3 Residency,1600,925
 Wangsa Maju,Seasons Garden Residences ,1600,850
 Sentul,Laman Seri Harmoni,1600,850
 Old Klang Road,The Scott Garden,1600,778
 Sungai Besi,The Court ,1600,1200
 Sri Hartamas,Chelsea ,1600,600
 Bukit Jalil,The Andes,1600,1105
 Desa Pandan,Residensi Pandanmas 2,1600,900
 Bukit Jalil,The Andes,1600,1105
 Pandan Perdana,28 Boulevard,1600,485
 Sentul,Maxim Citylights ,1600,1009
 Setapak,Residensi Platinum Teratai,1600,950
 Bukit Jalil,Casa Green,1600,825
 Sentul,Vista Sentul Residences,1600,689
 Setapak,Prima Setapak,1600,1231
 Cheras,Bayu Tasik 1,1600,929
 Kuala Lumpur,Solaris Dutamas,1600,1100
 Jalan Ipoh,The Pano,1600,700
 Bukit Jalil,The Andes,1600,1105
 Kepong,Enesta,1600,800
 Setapak,Residensi MH Platinum 2,1600,857
 Sri Hartamas,Chelsea ,1600,600
 OUG,Platinum OUG Residence,1600,850
 Bukit Jalil,Casa Green,1600,825
 KL City,Residensi Seri Wahyu ,1600,800
 Cheras,Seri Cempaka,1600,517
 Jalan Kuching,Sri Putramas,1600,1050
 Kepong,M Luna,1600,700
 Kepong,Enesta,1600,803
 Bukit Jalil,The Andes,1600,1105
 Desa Pandan,Residensi Pandanmas 2,1600,900
 Cheras,Bayu Tasik 2,1600,945
 Sentul,Maxim Citylights ,1600,1095
 Cheras,Bayu Tasik 1,1600,929
 Jalan Kuching,Sri Putramas,1600,1100
 Cheras,Bayu Tasik 1,1600,960
 Bukit Jalil,Green Avenue,1600,1080
 Bukit Jalil,Casa Green,1600,825
 Kepong,Enesta,1600,803
 Taman Desa,Residensi Desa Sentralmas,1600,900
 Cheras,Putra Suria Residence,1600,800
 KL City,Arina Uniti Tower,1600,650
 Setapak,PPAM Setapak Riviera,1600,1000
 Sentul,Maxim Citylights ,1600,1019
 Ampang,Pandan Puteri,1600,1060
 Cheras,Queensville,1600,510
 Setapak,KL Traders Square Residences,1600,940
 Pandan Perdana,28 Boulevard,1599,510
 Sentul,Apartment Sentul,1599,1000
 Cheras,Maxim Residences,1599,900
 Sentul,MiNest Residence,1599,822
 Setapak,Vista Danau Kota,1599,810
 Cheras,Bayu Tasik 2,1599,950
 Jalan Kuching,Sri Putramas,1598,1050
 Sentul,Sky Awani Residensi,1550,800
 Setapak,Residensi MH Platinum 2,1550,806
 Cheras,Seri Mas Condominium,1550,997
 Kepong,M Luna,1550,700
 Sentul,Sky Awani Residensi,1550,800
 Keramat,Platinum Splendor Residensi Semarak,1550,1000
 Sentul,Sentul Point Suite Apartment,1550,800
 Ampang,Vista Perdana,1550,1050
 Sentul,Sky Awani Residensi,1550,800
 Setapak,Zen Suites ,1550,620
 Sentul,MiNest Residence,1550,882
 Sentul,Sky Awani Residensi,1550,800
 Sri Hartamas,Windsor Tower,1550,500
 Setapak,Idaman Putera,1500,1350
 Sentul,Sentul Utama Condominium,1500,891
 Cheras,Residensi Razakmas,1500,800
 Cheras,Montena,1500,657
 Brickfields,Riveria City,1500,250
 Pandan Perdana,28 Boulevard,1500,600
 Sentul,Sky Awani Residensi,1500,800
 Bukit Jalil,Impiana Sky Residensi,1500,850
 Setapak,M3 Residency,1500,925
 Sentul,Sentul Utama Condominium,1500,891
 Old Klang Road,Sri Jati II,1500,1287
 Cheras,PIXEL City Sentral,1500,300
 Setapak,Teratai Mewah Condominium,1500,1020
 Setapak,KL Traders Square Residences,1500,842
 Kepong,Plaza Medan Putra,1500,918
 Setapak,Flora Residency,1500,810
 Sri Petaling,8th & Stellar,1500,200
 Kuchai Lama,M Oscar,1500,926
 Setapak,Residensi MH Platinum 2,1500,692
 Cheras,Majestic Maxim,1500,650
 Setiawangsa,The Valley ,1500,380
 Setiawangsa,The Valley ,1500,380
 Segambut,Kondominium Kiara Kasih,1500,850
 Cheras,Ketumbar Hill,1500,1200
 Kuchai Lama,Kuchai Sentral,1500,880
 Setapak,PPAM Setapak Riviera,1500,800
 Setapak,Residensi Vista Saujana,1500,850
 Setapak,Flora Residency,1500,801
 Old Klang Road,The Scott Garden,1500,775
 Sentul,One Maxim,1500,819
 Sentul,Casa Idaman,1500,1000
 Sentul,Sentul Utama Condominium,1500,891
 Sentul,MiNest Residence,1500,822
 Kepong,Residensi Metro Kepong,1500,800
 Bukit Jalil,Residensi Aman Jalil,1500,900
 Wangsa Maju,Seruni Residence,1500,924
 Sentul,MiNest Residence,1500,822
 Setapak,Prima Setapak,1500,1200
 Setapak,Residensi Platinum Teratai,1500,928
 Setapak,Residensi MH Platinum 2,1500,664
 Setapak,PPAM Setapak Riviera,1500,1000
 Sentul,Vista Harmoni ,1500,850
 Sentul,One Maxim,1500,819
 Keramat,Platinum Splendor Residensi Semarak,1500,1050
 Setapak,Villa Danau,1500,1113
 Bukit Jalil,Jalil Damai,1500,1000
 Setiawangsa,Mahsuri Apartment,1500,820
 Cheras,Pudu Impian 1,1500,700
 Setapak,Residensi MH Platinum 2,1500,850
 Old Klang Road,The Scott Garden,1500,872
 Taman Desa,Faber Ria,1500,450
 KL City,Residensi Jalan Jubilee,1500,1100
 Setapak,Vista Danau Kota,1500,810
 Cheras,Queensville,1500,724
 Setapak,Teratai Mewah,1500,692
 Setapak,Indah Apartments,1500,900
 Kuchai Lama,Kuchai Avenue,1500,935
 Sentul,Sky Awani Residensi 2,1500,800
 Sentul,MiNest Residence,1500,822
 Setapak,Diamond Residences,1500,1113
 Sentul,Maxim Citylights ,1500,856
 Setapak,Residensi Platinum Teratai,1500,928
 Kepong,M Luna,1500,700
 Cheras,Residensi Alam Damai,1500,935
 Kuchai Lama,M Oscar,1500,926
 Desa Pandan,Residensi Pandanmas 2,1500,900
 Sentul,Maxim Citylights ,1500,856
 Puchong,Sri Jati I,1500,982
 Setapak,Vista Danau Kota,1500,810
 Desa Petaling,D'Nuri Residence ,1500,850
 Sentul,Sentul Utama Condominium,1500,891
 Bukit Jalil,Arena Green,1500,868
 Wangsa Maju,Seasons Garden Residences ,1500,900
 Sentul,Sentul Utama Condominium,1500,891
 Sentul,Rafflesia Sentul Condominium,1500,1365
 Bandar Menjalara,Menara Menjalara,1500,1100
 Old Klang Road,Desa Gembira,1500,1200
 Keramat,Residensi Gurneymas,1500,800
 Cheras,Pudu Impian 1,1500,662
 Pandan Perdana,28 Boulevard,1500,459
 Segambut,Kondominium Kiara Kasih,1500,850
 Setapak,Teratai Mewah,1500,820
 Taman Desa,Residensi Desa Sentralmas,1500,850
 Old Klang Road,Avenue Court,1500,1000
 Setapak,Berlian Residence ,1500,850
 Cheras,Queensville,1500,709
 Cheras,Vista Tasik,1500,1012
 Kepong,PPA1M Metropolitan Kepong,1500,1200
 Old Klang Road,The Scott Garden,1500,775
 Bandar Menjalara,Menara Menjalara,1500,1076
 Sentul,Maxim Citylights ,1500,856
 Sentul,Sky Awani Residensi 2,1500,800
 Sentul,Sentul Village Mercury Service Apartment,1500,948
 Setapak,Prima Setapak,1500,1231
 Kuala Lumpur,Setapak,1500,800
 Old Klang Road,Taman Sri Sentosa,1500,920
 Sentul,Sentul Utama Condominium,1500,891
 Setapak,Residensi Gombak 126,1500,600
 Wangsa Maju,Seasons Garden Residences ,1500,770
 Desa Petaling,Amadesa,1500,1000
 Old Klang Road,The Scott Garden,1500,750
 Sentul,Sentul Utama Condominium,1500,891
 Old Klang Road,Sri Jati II,1500,1287
 Kepong,Beverly Tower,1500,918
 Bangsar South,Cubic Botanical,1500,250
 Setapak,Flora Residency,1500,800
 Kepong,Residensi Metro Kepong,1500,802
 Cheras,Cengal Condominium,1500,922
 Sentul,Desa Sentul,1500,948
 Sungai Besi,Central Residence ,1500,800
 Wangsa Maju,Section 2,1500,600
 Sentul,Sentul Point Suite Apartment,1500,743
 Sentul,Sky Awani 5,1500,800
 Setapak,PPAM Setapak Riviera,1500,804
 Pandan Perdana,28 Boulevard,1500,450
 Bandar Menjalara,Menara Menjalara,1500,1100
 Kepong,Plaza Medan Putra,1500,916
 Bukit Jalil,Impiana Sky Residensi,1500,850
 Jalan Kuching,Sri Putramas,1500,1050
 Cheras,Pangsapuri Lestari,1500,820
 Setiawangsa,The Valley ,1500,350
 Bukit Jalil,Kinrara Mas Condominium,1500,1091
 Jalan Ipoh,Boulevard Serviced Apartment,1500,1010
 Setapak,Prima Setapak,1499,1001
 Cheras,Majestic Maxim,1499,650
 Cheras,Ketumbar Hill,1490,1200
 OUG,Platinum OUG Residence,1480,850
 Sentul,Residensi Sentulmas,1450,900
 Setapak,Residensi MH Platinum 2,1450,680
 Cheras,Majestic Maxim,1450,629
 Chan Sow Lin,Trion 2 ,1450,250
 Kuala Lumpur,Old Klang Road,1450,280
 Cheras,Majestic Maxim,1450,650
 Old Klang Road,The Scott Garden,1450,775
 Pandan Perdana,28 Boulevard,1450,510
 Desa Pandan,Residensi Pandanmas 1,1450,900
 Pandan Perdana,28 Boulevard,1450,510
 Jalan Kuching,Sri Putramas,1450,1050
 Old Klang Road,The Scott Garden,1450,775
 Pandan Perdana,28 Boulevard,1450,450
 Sentul,Sky Awani Residensi,1450,800
 Setapak,Platinum Lake PV 21,1450,900
 Sentul,Sky Awani Residensi 2,1450,800
 Ampang,Wangsa Heights,1450,800
 Sentul,Sentul Point Suite Apartment,1450,872
 Kepong,Suria Kipark Damansara,1450,948
 Wangsa Maju,Seasons Garden Residences ,1450,770
 Old Klang Road,The Scott Garden,1450,775
 Old Klang Road,The Nest Residences,1450,250
 KLCC,One-Stop ,1450,420
 Setapak,Vista Danau Kota,1450,810
 Pantai,Residensi Suria Pantai,1450,810
 Old Klang Road,The Scott Garden,1450,775
 Sentul,Pangsapuri Mawar,1450,870
 Bukit Jalil,Lanai Residences,1450,800
 Setapak,Sky Awani Residensi 4,1450,850
 Kuala Lumpur,Bukit Jalil,1420,1200
 Sungai Besi,Trion ,1400,250
 Setapak,Sri Pelangi Condominium,1400,1000
 Setapak,Sky Awani Residensi 4,1400,800
 Jalan Ipoh,Villa Mutiara ,1400,880
 Sentul,Sentul Utama Condominium,1400,874
 Sentul,Bayu Andaman,1400,800
 OUG,OUG Parklane,1400,950
 Taman Desa,Faber Ria,1400,550
 Sentul,Sentul Village Mercury Service Apartment,1400,948
 Pantai,Pantai Indah Fasa 2,1400,764
 Kepong,Kepong Sentral Condominium,1400,964
 Kepong,Suria Kipark Damansara,1400,980
 Taman Desa,Danau Idaman,1400,1200
 Bandar Menjalara,Medan Putra Condominium,1400,900
 Setapak,Prima Setapak,1400,1231
 Setapak,Sri Pelangi Condominium,1400,1000
 Cheras,Glen View Villa,1400,1138
 Cheras,Prisma Cheras,1400,1087
 Bukit Jalil,PPA1M Mercu Jalil,1400,1000
 OUG,OUG Parklane Phase 2,1400,950
 Sentul,M Centura,1400,800
 Sentul,Residensi Sentulmas,1400,900
 Setapak,Flora Residency,1400,803
 Old Klang Road,Bukit Awansari,1400,1200
 Sentul,LSH Sentul,1400,1000
 Setapak,Flora Residency,1400,800
 Setapak,PPAM Setapak Riviera,1400,880
 Old Klang Road,Mutiara Apartment,1400,850
 Setapak,222 Residency,1400,999
 Ampang,Estana Court,1400,800
 Setapak,Sky Awani Residensi 4,1400,800
 Ampang,Wangsa Heights,1400,800
 Sri Hartamas,Mayfair Apartment,1400,410
 Sentul,M Centura,1400,650
 Sentul,Sky Awani 5,1400,800
 Sentul,Laman Seri Harmoni,1400,1000
 Sentul,MiNest Residence,1400,900
 Setapak,Vista Danau Kota,1400,810
 Bangsar South,Cubic Botanical,1400,300
 Cheras,Midah Heights,1400,1055
 Sentul,Menara Orkid,1400,838
 Cheras,Seri Cendekia,1400,998
 Kepong,Kepong Sentral Condominium,1400,1100
 Setapak,Flora Residency,1400,800
 Cheras,Queensville,1400,500
 Kuala Lumpur,KL City,1400,300
 Sentul,Casa Idaman,1400,1000
 Setapak,Sri Pelangi Condominium,1400,1000
 Sri Petaling,8th & Stellar,1400,200
 Setapak,Flora Residency,1400,801
 Sentul,Bayu Andaman,1400,1001
 Ampang,Wangsa Heights,1400,800
 Desa Pandan,Residensi Pandanmas 2,1400,900
 Sentul,Maxim Citylights ,1400,856
 Setapak,Prima Setapak,1400,1231
 Bukit Jalil,Green Avenue,1400,1080
 Bukit Jalil,Bukit OUG Condominium,1400,1222
 Sentul,Sky Awani Residensi,1400,800
 Setapak,Vista Danau Kota,1400,810
 Setapak,Dahlia Apartment,1400,1100
 Setapak,Sri Pelangi Condominium,1400,1000
 Bukit Jalil,Arena Green,1400,818
 Jalan Kuching,Sri Putramas,1400,1050
 Sentul,Casa Idaman,1400,1006
 Setapak,Flora Residency,1400,800
 Setapak,Idaman Sutera,1400,960
 Setapak,Flora Residency,1400,801
 Bukit Jalil,Taman LTAT,1400,900
 Keramat,Platinum Splendor Residensi Semarak,1400,950
 Old Klang Road,Avenue Court,1400,1000
 Desa Petaling,Widuri Impian,1400,1000
 Sentul,MiNest Residence,1400,800
 Cheras,Glen View Villa,1400,1138
 Kepong,Beverly Tower,1400,900
 Desa Petaling,Amadesa,1400,1000
 Setapak,Flora Residency,1400,800
 Desa Petaling,Widuri Impian,1400,965
 Setapak,PPAM Setapak Riviera,1400,880
 Setapak,Vista Langkawi ,1400,929
 Cheras,Metro ,1400,900
 Ampang,Wangsa Heights,1400,800
 Old Klang Road,Greenpark,1400,1270
 Setapak,Teratai Mewah Apartment Block 4 & 6,1400,650
 Kepong,First Residence,1400,1078
 Kuala Lumpur,Kepong,1400,1650
 Sentul,LSH Sentul,1399,850
 Kuchai Lama,M Oscar,1399,200
 Setapak,Vista Danau Kota,1399,810
 Desa Petaling,Amadesa,1390,1000
 Ampang,Neu Suites,1390,280
 Ampang,Estana Court,1380,1180
 Sri Damansara,Paradesa Rustica,1350,950
 Sentul,MiNest Residence,1350,900
 Setapak,Vista Danau Kota,1350,800
 Taman Desa,Residensi Desa Sentralmas,1350,850
 Setapak,Platinum Lake PV 21,1350,900
 Cheras,D Alamanda,1350,695
 Setiawangsa,The Valley ,1350,400
 Kepong,Seri Puri,1350,1062
 Kuala Lumpur,Mont Kiara,1350,900
 Kepong,Damansara Sutera,1300,850
 Kepong,Residensi KepongMas,1300,800
 Cheras,Putra Suria Residence,1300,780
 Setapak,Residensi MH Platinum 2,1300,500
 Ampang,Wangsa Heights,1300,1000
 Pandan Jaya,H7 Apartment,1300,750
 Bukit Jalil,Residensi Aman Jalil,1300,900
 Bukit Jalil,Lanai Residences,1300,800
 Sungai Besi,Trion ,1300,250
 Cheras,Sri Penara,1300,650
 Desa Petaling,Widuri Impian,1300,900
 Cheras,Ketumbar Hill,1300,900
 Sri Hartamas,Dorchester,1300,463
 Sentul,Sky Awani 2 Residence,1300,800
 Desa Pandan,Residensi Pandanmas 2,1300,900
 Ampang,Sri Angsana Hilir,1300,400
 Kepong,Residensi KepongMas,1300,800
 Setapak,Residensi MH Platinum 2,1300,230
 Kepong,Residensi KepongMas,1300,800
 Setapak,Platinum Hill PV 5,1300,1272
 Bukit Jalil,Arena Green,1300,800
 Ampang Hilir,3 Towers,1300,430
 Kepong,Residensi KepongMas,1300,800
 Cheras,Metro ,1300,550
 Sentul,Sky Awani Residensi,1300,800
 Bukit Jalil,PPA1M Mercu Jalil,1300,1000
 Old Klang Road,Tiara Mutiara 2,1300,369
 Cheras,Seri Mas Condominium,1300,977
 Kepong,Beverly Tower,1300,912
 Kepong,Suria Kipark Damansara,1300,918
 Kuala Lumpur,Bukit Jalil,1300,450
 Sungai Besi,Central Residence ,1300,585
 Cheras,Sri Penara,1300,750
 Cheras,Seri Cendekia,1300,1000
 Cheras,Ketumbar Heights,1300,903
 Setapak,Residensi MH Platinum 2,1300,230
 Pandan Indah,Kenari Court,1300,900
 Cheras,Seri Cendekia,1300,968
 Pandan Indah,Kenari Court,1300,850
 Cheras,Montena,1300,645
 Cheras,Laman Midah,1300,800
 Bukit Jalil,Casa Green,1300,825
 Desa Pandan,Desa Pandan Elena Block F Apartment,1300,716
 Sri Damansara,Paradesa Tropica,1300,1120
 Setapak,Sri Pelangi Condominium,1300,932
 Bukit Jalil,Bukit OUG Condominium,1300,1300
 Ampang,Pandan Court,1300,829
 Segambut,Kondominium Kiara Kasih,1300,850
 Sentul,Sky Awani 2 Residence,1300,850
 Setapak,Residensi MH Platinum 2,1300,700
 Kepong,Plaza Medan Putra,1300,920
 Kuala Lumpur,Kuchai Lama,1300,1100
 Sungai Besi,1 Petaling,1300,900
 Bukit Jalil,PPA1M Mercu Jalil,1300,1000
 Pandan Indah,Kenari Court,1300,850
 Jalan Kuching,Sri Putramas,1300,1050
 Cheras,PIXEL City Sentral,1300,133
 Kepong,Residensi KepongMas,1300,800
 Jalan Kuching,Flexus Signature Suites,1300,563
 Bukit Jalil,Residensi Aman Jalil,1300,900
 Setapak,Platinum Lake PV 21,1299,900
 Setapak,Sri Pelangi Condominium,1299,1000
 Setapak,Sky Awani 3 Residence,1299,800
 Setapak,Sri Pelangi Condominium,1298,1000
 Setapak,Sri Pelangi Condominium,1290,1000
 Cheras,Nusa Mewah Villa Condominium,1250,865
 Kepong,Beverly Tower,1250,954
 Bukit Jalil,Arena Green,1250,880
 OUG,OUG Parklane,1250,950
 Kepong,Residensi KepongMas,1250,800
 Jalan Kuching,Flexus Signature Suites,1250,583
 Kepong,Residensi KepongMas,1250,800
 Jalan Ipoh,The Pano,1250,400
 Kepong,Kepong Sentral Condominium,1250,900
 Desa Petaling,Vantage Point,1250,830
 Mont Kiara,Arte ,1250,494
 Cheras,Residensi Alam Damai,1250,935
 Kepong,Avelon Tower,1250,912
 Cheras,Aster Residence Cheras,1200,300
 Kuala Lumpur,Bangsar South,1200,800
 Sungai Besi,Petaling Indah Condominiums,1200,855
 Kepong,Sri Ehsan Apartment,1200,758
 Kuala Lumpur,Pandan Indah,1200,962
 Kepong,Residensi Kepongmas 2,1200,800
 Kepong,Desa Dua Aman Puri,1200,837
 Ampang,Neu Suites,1200,500
 Kepong,Plaza Medan Putra,1200,912
 Old Klang Road,The Nest Residences,1200,280
 Sentul,One Maxim,1200,650
 Kepong,Astana Square,1200,1118
 Sungai Besi,Central Residence ,1200,565
 Desa Petaling,Desa Sri Puteri,1200,831
 Cheras,Perdana Villa,1200,823
 Cheras,Aliran Damai Apartments,1200,825
 Old Klang Road,Union Heights,1200,1000
 Bukit Jalil,Residensi Jalilmas,1200,800
 Sungai Besi,Petaling Indah Condominiums,1200,855
 Kepong,Sinar Magna,1200,825
 Sentul,Sentul Utama Condominium,1200,877
 Cheras,Pangsapuri Cemara,1200,750
 Desa Petaling,Desa Sri Puteri,1200,831
 Wangsa Maju,Seksyen 1 Wangsa Maju Flat,1200,553
 Cheras,Prisma Perdana,1200,839
 Cheras,Sri Penara,1200,650
 Taman Desa,Residensi Desa Satumas,1200,900
 Gombak,Gombak Setia,1200,546
 Bangsar South,Kondo Rakyat Desa Pantai,1200,630
 Kepong,Mas Kipark Damansara,1200,850
 Pandan Indah,Nuri Court,1200,1000
 Sentul,Sky Awani Residensi,1200,800
 Seputeh,Menara Seputih,1200,450
 Kepong,Aman Dua,1200,837
 Sentul,One Maxim,1200,640
 Cheras,Seri Cendekia,1200,967
 OUG,OUG Parklane,1200,950
 Keramat,Pangsapuri Bukit Baru,1200,730
 Bukit Jalil,Lanai Residences,1200,1086
 Cheras,Pangsapuri Sri Penara,1200,800
 Cheras,Perdana Villa,1200,823
 OUG,Platinum OUG Residence,1200,350
 Wangsa Maju,Rampai Court,1200,600
 Desa Pandan,Residensi Pandanmas 2,1200,900
 Cheras,Midah Ria Flat,1200,1600
 Sentul,One Maxim,1200,950
 Cheras,Nusa Mewah Villa Condominium,1200,865
 Ampang,Pandan Court,1200,828
 KL City,Menara Putra,1200,780
 Cheras,Pangsapuri Cemara,1200,732
 Cheras,Seri Cendekia,1200,1003
 Kepong,Residensi Metro Kepong,1200,850
 Desa Petaling,Widuri Impian,1200,1059
 Cheras,Perdana Villa,1200,820
 Kepong,Desa Dua Aman Puri,1200,840
 Sentul,Sri Suajaya Condominiums,1200,1087
 Kepong,Desa Dua Aman Puri,1200,837
 Cheras,PIXEL City Sentral,1200,300
 Cheras,Cendana Apartment,1200,650
 Old Klang Road,Mutiara Apartment,1200,712
 Sentul,Jalan Chempedak,1200,650
 Cheras,Pangsapuri Sri Shamelin,1200,613
 Bangsar South,Flat Taman Bukit Angkasa,1200,750
 Bangsar South,Kondo Rakyat Desa Pantai,1200,688
 Sungai Besi,Petaling Indah Condominiums,1199,855
 Wangsa Maju,Seksyen 1 Wangsa Maju Flat,1199,660
 Jalan Ipoh,The Pano,1199,400
 Sentul,Sentul Utama Condominium,1150,860
 Bukit Jalil,Arena Green,1150,800
 Sentul,One Maxim,1150,650
 Cheras,Residensi Alam Damai,1150,995
 Desa Petaling,Winner Court B,1150,900
 OUG,Platinum OUG Residence,1150,350
 Setiawangsa,Keramat Permai Shop Apartment,1100,800
 Cheras,Residensi Alam Damai,1100,995
 OUG,Platinum OUG Residence,1100,350
 Cheras,PIXEL City Sentral,1100,250
 Sungai Besi,Apartment Desa Tasik Fasa 6B,1100,780
 Keramat,Flat Pkns Au3,1100,650
 Setapak,Idaman Sutera,1100,850
 Desa Petaling,Vantage Point,1100,800
 Cheras,Sri Penara,1100,650
 Old Klang Road,Mutiara Apartment,1100,825
 Cheras,Pangsapuri Sri Penara,1100,650
 Bukit Jalil,Lanai Residences,1100,1066
 Cheras,Sri Penara,1100,650
 Bukit Jalil,PPR Kampung Muhibbah,1100,750
 Wangsa Maju,Seksyen 2 Wangsa Maju Flat,1100,600
 Cheras,Puncak Banyan,1100,820
 Setapak,Flat Taman Melati,1100,527
 Bukit Jalil,PPR Kampung Muhibbah,1100,750
 Bukit Jalil,PPR Kampung Muhibbah,1100,750
 Setapak,Flat Taman Melati,1100,580
 Kepong,Prima Saujana,1100,992
 Sri Hartamas,Dorchester,1100,410
 Setapak,Residensi MH Platinum 2,1100,500
 Old Klang Road,Mutiara Apartment,1100,1200
 Kepong,Aman Dua,1100,850
 Sungai Besi,The Court ,1100,626
 OUG,Platinum OUG Residence,1100,350
 Cheras,Pangsapuri Sri Penara,1090,800
 OUG,OG Heights,1050,800
 Cheras,Pangsapuri Sri Penara,1050,650
 OUG,Platinum OUG Residence,1050,350
 OUG,Platinum OUG Residence,1050,350
 Cheras,Residensi Alam Damai,1050,935
 Setapak,Genting Court Condominium,1050,800
 Kepong,Ixora Apartment,1000,950
 Kepong,Plaza Medan Putra,1000,801
 Kepong,Desa Aman Puri,1000,840
 Segambut,Riana Dutamas,1000,300
 Cheras,Taman Connaught,1000,525
 Cheras,Mewah Court Cheras,1000,850
 Kepong,Aman Puri Apartment,1000,905
 Desa Petaling,Desa Sri Puteri,1000,660
 Jalan Kuching,Tuan 2egacy,1000,200
 Kepong,Ixora Apartment,1000,903
 Desa Petaling,Desa Sri Puteri,1000,660
 Bukit Jalil,Residensi Jalilmas,1000,800
 Kepong,Fortune Centra Residences,1000,350
 Cheras,Pangsapuri Danau Indah 1,1000,825
 Bukit Jalil,Impiana Sky Residensi,1000,850
 Ampang,Garden Tower,1000,669
 Jalan Kuching,Tuan 2egacy,1000,200
 Kuala Lumpur,OUG,1000,500
 Setapak,Idaman Sutera,1000,845
 KLCC,PKNS Kampung Baru,1000,550
 Kepong,Desa Aman Puri,1000,750
 Kepong,Greenview Apartments,1000,850
 Bukit Jalil,Lanai Residences,1000,800
 Old Klang Road,Residence 8,1000,330
 Puchong,Residensi Puchongmas,1000,900
 Desa Petaling,Pangsapuri Sri Malaysia,1000,650
 Kepong,Greenview Apartments,1000,850
 OUG,OUG Parklane,1000,957
 Desa Petaling,Desa Sri Puteri,1000,660
 Pandan Jaya,Flat Pandan Jaya,1000,500
 Ampang,Garden Tower,1000,839
 Ampang,Shop Apartment Pandan Perdana,999,750
 Setapak,Teratai Mewah,980,653
 Wangsa Maju,Rampai Court,950,700
 Kepong,Desa Dua Aman Puri,950,850
 Kepong,Permata Fadason,950,750
 Wangsa Maju,Section 2,950,660
 Taman Desa,Iris Apartment,950,624
 Taman Desa,Iris Apartment,950,654
 Cheras,Aster Residence Cheras,950,155
 Desa Petaling,Desa Sri Puteri,950,831
 Cheras,Taman Connaught,950,805
 Solaris Dutamas,Taman Segambut SPPK,950,650
 Kuala Lumpur,Kepong,950,850
 Kepong,Laman Damai Kepong,950,800
 Kepong,Laman Damai Kepong,948,850
 Kuala Lumpur,Bukit Jalil,930,800
 Pandan Perdana,Perdana Villa Deluxe,930,806
 KLCC,Desa Pandan Apartment,900,750
 Kepong,Greenview Apartments,900,631
 Kepong,Aman Dua,900,850
 Kepong,Desa Satu,900,650
 Wangsa Maju,Seksyen 4 Wangsa Maju Flat,900,550
 Setapak,Seri Langkawi 1,900,560
 Kepong,Prima Saujana,900,1001
 Cheras,Bandar Tasik Selatan,900,657
 Setapak,Taman Setapak Indah Jaya,900,653
 Setapak,Perumahan Awan Seri Langkawi 2,900,500
 Setapak,Seri Langkawi 1,900,560
 Kepong,Puncak Desa Shop Apartment,900,657
 KLCC,PKNS Kampung Baru,900,650
 Setapak,Teratai Mewah Apartment Block 4 & 6,900,650
 Wangsa Maju,Seksyen 1 Wangsa Maju Flat,900,527
 Wangsa Maju,Seksyen 1 Wangsa Maju Flat,900,600
 Setapak,Seri Langkawi 1,900,560
 Desa Petaling,Pangsapuri Sri Malaysia,900,650
 Setapak,Seri Langkawi 1,900,560
 Kepong,Aman Dua,900,837
 Kuala Lumpur,Sri Damansara,900,811
 Desa Petaling,Pangsapuri Sri Malaysia,900,650
 Desa Petaling,Pangsapuri Sri Malaysia,900,650
 Kepong,Desa Aman Puri,900,650
 Jinjang,Mutiara Fadason,900,650
 KLCC,Pandan Ria Apartment,880,650
 Wangsa Maju,Section 2,850,550
 Setapak,Taman Setapak Indah Jaya,850,700
 Bukit Jalil,Perumahan Penjawat Awam 1 Malaysia Bukit Jalil,850,1200
 Kepong,PPR Sri Aman,850,700
 Kepong,Puncak Desa Shop Apartment,850,800
 Kuala Lumpur,Gombak,850,700
 Desa Petaling,Desa Sri Puteri,850,600
 Kuala Lumpur,Wangsa Maju,850,600
 Cheras,Sri Sabah Apartment,850,650
 Kuala Lumpur,Setapak,850,700
 Pandan Jaya,Pandan Jaya Apartment,850,650
 Kuala Lumpur,Wangsa Maju,850,600
 Old Klang Road,Sri Lempah,850,550
 Cheras,Sri Sabah Apartment,850,650
 Bukit Jalil,Perumahan Penjawat Awam 1 Malaysia Bukit Jalil,850,1200
 Wangsa Maju,Seksyen 2 Wangsa Maju Flat,850,700
 Cheras,Warisan City View,840,950
 Desa Petaling,Desa Petaling Flat,800,600
 Cheras,Taman Bukit Segar,800,700
 Setapak,Teratai Mewah,800,650
 Jalan Kuching,Tuan 2egacy,800,100
 Desa Petaling,Desa Sri Puteri,800,600
 Wangsa Maju,Seksyen 1 Wangsa Maju Flat,800,600
 Sentul,Bandar Baru Sentul Flat,800,420
 Setapak,Prima Setapak Flat,800,650
 Cheras,Sri Penara,800,650
 Kepong,Saujana Ria Aparment,800,750
 Kepong,Laman Damai Kepong,800,650
 Setapak,Prima Setapak Flat,800,650
 Cheras,Cheria Heights Condo / Apartments,750,700
 Kepong,Desa Satu,750,657
 Cheras,Cheria Heights Condo / Apartments,750,700
 Cheras,Cheria Heights Condo / Apartments,750,700
 Kepong,Desa Aman Puri,750,650
 Cheras,Cheria Heights Condo / Apartments,750,700
 Kepong,Desa Satu,750,650
 Old Klang Road,Sri Lempah,750,600
 Kepong,Desa Satu,750,650
 Cheras,Cheria Heights Condo / Apartments,750,700
 Cheras,Cheria Heights Condo / Apartments,750,700
 Kuala Lumpur,Sri Damansara,750,650
 Kepong,Taman Pusat Kepong Shop Apartment,750,950
 Cheras,Cheria Heights Condo / Apartments,750,700
 Old Klang Road,CitiZen,750,1200
 Cheras,Cheria Heights Condo / Apartments,750,700
 Cheras,Cheria Heights Condo / Apartments,750,700
 Kepong,Taman Bukit Desa,750,688
 Cheras,Taman Connaught,700,500
 Kepong,Desa Satu,700,650
 Kuala Lumpur,Gombak,700,500
 Cheras,Taman Bukit Segar,700,750
 Desa Petaling,Desa Petaling Flat,700,600
 Desa Petaling,Desa Sri Puteri B Apartments,700,650
 Kepong,Desa Satu,650,650
 Cheras,Bayu Tasik 2,630,1000
 Cheras,Cheras Ria,600,570
 Ampang,Pandan Court,600,880
 Cheras,Taman Bukit Anggerik,600,603
 Cheras,Cheras Ria,600,570
 Kuala Lumpur,Setapak,590,590
 Sungai Besi,UNO Promenade,250,135
